competition,orphan_fixtures,looks_like_reserve_side,earliest,latest
MLS Next Pro,20,20,2026-08-08 20:00:00+00,2026-09-04 23:00:00+00
Friendlies Clubs,6,0,2026-08-08 19:00:00+00,2026-08-16 17:00:00+00
Major League Soccer,5,0,2026-08-15 23:30:00+00,2026-08-23 01:30:00+00
Regionalliga - Bayern,3,3,2026-08-21 17:00:00+00,2026-09-04 17:00:00+00
Leagues Cup,3,0,2026-08-09 00:00:00+00,2026-08-12 23:30:00+00
Eredivisie,2,0,2026-08-08 19:00:00+00,2026-08-15 16:45:00+00
Primeira Liga,2,0,2026-08-09 19:30:00+00,2026-08-16 19:30:00+00
Championship,1,0,2026-08-15 14:00:00+00,2026-08-15 14:00:00+00
Canadian Championship,1,0,2026-09-03 02:00:00+00,2026-09-03 02:00:00+00
DFB Pokal,1,0,2026-08-24 16:00:00+00,2026-08-24 16:00:00+00
